-- phpMyAdmin SQL Dump
-- version 5.0.3
-- https://www.phpmyadmin.net/
--
-- Host: localhost
-- Generation Time: Oct 27, 2020 at 08:23 PM
-- Server version: 10.4.14-MariaDB
-- PHP Version: 7.2.34

SET SQL_MODE = "NO_AUTO_VALUE_ON_ZERO";
START TRANSACTION;
SET time_zone = "+00:00";


/*!40101 SET @OLD_CHARACTER_SET_CLIENT=@@CHARACTER_SET_CLIENT */;
/*!40101 SET @OLD_CHARACTER_SET_RESULTS=@@CHARACTER_SET_RESULTS */;
/*!40101 SET @OLD_COLLATION_CONNECTION=@@COLLATION_CONNECTION */;
/*!40101 SET NAMES utf8mb4 */;

--
-- Database: `epalm`
--

-- --------------------------------------------------------

--
-- Table structure for table `CARD_DETAILS`
--

CREATE TABLE `CARD_DETAILS` (
  `EXPIRY_DATE` date NOT NULL,
  `NAME_ON_CARD` char(20) NOT NULL,
  `CVV` bigint(3) NOT NULL,
  `REG_PH_NO` bigint(10) NOT NULL,
  `CARD_NUMBER` bigint(16) NOT NULL
) ENGINE=InnoDB DEFAULT CHARSET=utf8mb4;

--
-- Dumping data for table `CARD_DETAILS`
--

INSERT INTO `CARD_DETAILS` (`EXPIRY_DATE`, `NAME_ON_CARD`, `CVV`, `REG_PH_NO`, `CARD_NUMBER`) VALUES
('2022-04-30', 'DAVID BECKHAM', 364, 8989523426, 5445674537565656),
('2023-09-30', 'ETHAN MATHEW', 595, 8912343453, 6566767456556234),
('2022-09-30', 'BOB MISHRA', 655, 9853547568, 8565674536742446),
('2024-08-31', 'ARYAN VATS', 977, 8767889008, 8732345678987654),
('2023-10-31', 'CARL JIMMY', 187, 8998988789, 9896787876767665);

-- --------------------------------------------------------

--
-- Table structure for table `CLUB`
--

CREATE TABLE `CLUB` (
  `CLUB_NAME` varchar(20) NOT NULL,
  `FACULTY_COORDINATOR` varchar(20) NOT NULL,
  `CON_NAME` varchar(20) NOT NULL,
  `CON_PHONE` bigint(10) NOT NULL,
  `CLUB_DESCRIPTION` varchar(50) NOT NULL
) ENGINE=InnoDB DEFAULT CHARSET=utf8mb4;

--
-- Dumping data for table `CLUB`
--

INSERT INTO `CLUB` (`CLUB_NAME`, `FACULTY_COORDINATOR`, `CON_NAME`, `CON_PHONE`, `CLUB_DESCRIPTION`) VALUES
('ACM', 'PROF.PROF.HRV', 'SAHEJ S', 9878798987, 'TECH CLUB'),
('ADG', 'PROF BSG', 'SAMPATH R', 7893201456, 'TECH CLUB'),
('DSC', 'PROF VJK', 'MANAS B', 8845620013, 'TECH CLUB'),
('SPARTANS', 'PROF USHA R', 'ARYAN B', 9000522034, 'RECREATIONAL CLUB'),
('VAC', 'PROF.GHANPATHI', 'SAMARTH A', 8996676988, 'ANIMATION CLUB');

-- --------------------------------------------------------

--
-- Table structure for table `EVENT_`
--

CREATE TABLE `EVENT_` (
  `EVENT_ID` varchar(10) NOT NULL,
  `C_NAME` varchar(20) DEFAULT NULL,
  `C_CONTACT` bigint(10) DEFAULT NULL,
  `EVENT_NAME` varchar(20) DEFAULT NULL,
  `CLUB_NAME` varchar(20) DEFAULT NULL
) ENGINE=InnoDB DEFAULT CHARSET=utf8mb4;

--
-- Dumping data for table `EVENT_`
--

INSERT INTO `EVENT_` (`EVENT_ID`, `C_NAME`, `C_CONTACT`, `EVENT_NAME`, `CLUB_NAME`) VALUES
('CD1110310', 'CORDEN', 898897888, 'CODERUNNER', 'DSC'),
('SG0311408', 'KOBE', 899656544, 'LEARN TO CODE', 'ACM'),
('SJ2110510', 'JAMES', 867786797, 'INTRODUCTION TO AI', 'ADG'),
('SJ3010510', 'HARRY', 896677856, 'ACTION MANIA', 'VAC'),
('TT1510201', 'FRANCO', 898789899, 'MEME-O-MANIA', 'SPARTANS');

-- --------------------------------------------------------

--
-- Table structure for table `EVENT_DATE`
--

CREATE TABLE `EVENT_DATE` (
  `EVENT_ID` varchar(10) NOT NULL,
  `EVENTDATE` date NOT NULL
) ENGINE=InnoDB DEFAULT CHARSET=utf8mb4;

--
-- Dumping data for table `EVENT_DATE`
--

INSERT INTO `EVENT_DATE` (`EVENT_ID`, `EVENTDATE`) VALUES
('CD1110310', '2020-10-11'),
('SG0311408', '2020-11-03'),
('SJ2110510', '2020-10-21'),
('SJ3010510', '2020-10-30'),
('TT1510201', '2020-10-15');

-- --------------------------------------------------------

--
-- Table structure for table `EVENT_DESC`
--

CREATE TABLE `EVENT_DESC` (
  `EVENT_ID` varchar(10) NOT NULL,
  `BRIEF_DESCRIPTION` varchar(256) NOT NULL
) ENGINE=InnoDB DEFAULT CHARSET=utf8mb4;

--
-- Dumping data for table `EVENT_DESC`
--

INSERT INTO `EVENT_DESC` (`EVENT_ID`, `BRIEF_DESCRIPTION`) VALUES
('CD1110310', 'A COMPETETIVE CODING WORKSHOP WITH A TWIST! CODE WHILE RUNNING'),
('SG0311408', 'AN INTRODUCTION TO THE AMAZING WORLD OF PROGRAMMING USING PYTHON'),
('SJ2110510', 'WANT TO KNOW HOW TONY STARK MADE JARVIS LEARN HOW YOU CAN MAKE YOUR OWN AI'),
('SJ3010510', 'A WORKSHOP ON 3D MODELLING USING THE SOFTWARE AUTODESK MAYA'),
('TT1510201', 'MEME - MAKING COMPETETION WITH PRIZES UPTO 6000 RUPEES');

-- --------------------------------------------------------

--
-- Table structure for table `EVENT_DURATION`
--

CREATE TABLE `EVENT_DURATION` (
  `EVENT_ID` varchar(10) NOT NULL,
  `TIMEDURATION` decimal(10,0) NOT NULL
) ENGINE=InnoDB DEFAULT CHARSET=utf8mb4;

--
-- Dumping data for table `EVENT_DURATION`
--

INSERT INTO `EVENT_DURATION` (`EVENT_ID`, `TIMEDURATION`) VALUES
('CD1110310', '4'),
('SG0311408', '4'),
('SJ2110510', '8'),
('SJ3010510', '4'),
('TT1510201', '3');

-- --------------------------------------------------------

--
-- Table structure for table `EVENT_FEES`
--

CREATE TABLE `EVENT_FEES` (
  `EVENT_ID` varchar(10) NOT NULL,
  `E_FEES` decimal(10,0) NOT NULL
) ENGINE=InnoDB DEFAULT CHARSET=utf8mb4;

--
-- Dumping data for table `EVENT_FEES`
--

INSERT INTO `EVENT_FEES` (`EVENT_ID`, `E_FEES`) VALUES
('CD1110310', '200'),
('SG0311408', '400'),
('SJ2110510', '300'),
('SJ3010510', '350'),
('TT1510201', '100');

-- --------------------------------------------------------

--
-- Table structure for table `EVENT_SEATS`
--

CREATE TABLE `EVENT_SEATS` (
  `EVENT_ID` varchar(10) NOT NULL,
  `NOOF_SEATS` int(11) NOT NULL
) ENGINE=InnoDB DEFAULT CHARSET=utf8mb4;

--
-- Dumping data for table `EVENT_SEATS`
--

INSERT INTO `EVENT_SEATS` (`EVENT_ID`, `NOOF_SEATS`) VALUES
('CD1110310', 50),
('SG0311408', 66),
('SJ2110510', 70),
('SJ3010510', 70),
('TT1510201', 45);

-- --------------------------------------------------------

--
-- Table structure for table `EVENT_START`
--

CREATE TABLE `EVENT_START` (
  `EVENT_ID` varchar(10) NOT NULL,
  `START_TIME` char(4) NOT NULL
) ENGINE=InnoDB DEFAULT CHARSET=utf8mb4;

--
-- Dumping data for table `EVENT_START`
--

INSERT INTO `EVENT_START` (`EVENT_ID`, `START_TIME`) VALUES
('CD1110310', '1600'),
('SG0311408', '1600'),
('SJ2110510', '1500'),
('SJ3010510', '1800'),
('TT1510201', '0600');

-- --------------------------------------------------------

--
-- Table structure for table `EVENT_VENUE`
--

CREATE TABLE `EVENT_VENUE` (
  `EVENT_ID` varchar(10) NOT NULL,
  `BUILDING` varchar(4) NOT NULL,
  `ROOM_NO` int(11) NOT NULL
) ENGINE=InnoDB DEFAULT CHARSET=utf8mb4;

--
-- Dumping data for table `EVENT_VENUE`
--

INSERT INTO `EVENT_VENUE` (`EVENT_ID`, `BUILDING`, `ROOM_NO`) VALUES
('CD1110310', 'CDMM', 310),
('SJ2110510', 'SJT', 510),
('SJ3010510', 'SJT', 510),
('SG0311408', 'SNG', 408),
('TT1510201', 'TT', 201);

-- --------------------------------------------------------

--
-- Table structure for table `P_TRANS_ID`
--

CREATE TABLE `P_TRANS_ID` (
  `TRANSACTION_ID` varchar(10) NOT NULL,
  `REGISTRATION_NUMBER` varchar(10) NOT NULL,
  `EVENT_ID` varchar(10) NOT NULL
) ENGINE=InnoDB DEFAULT CHARSET=utf8mb4;

--
-- Dumping data for table `P_TRANS_ID`
--

INSERT INTO `P_TRANS_ID` (`TRANSACTION_ID`, `REGISTRATION_NUMBER`, `EVENT_ID`) VALUES
('1010193493', '19BCE0001', 'SG0311408'),
('1923443254', '19BCE0002', 'SG0311408'),
('1056759678', '19BCE0003', 'SJ3010510'),
('1253865050', '19BCE0004', 'CD1110310'),
('1365466767', '19BCE0519', 'TT1510201');

-- --------------------------------------------------------

--
-- Table structure for table `REG_CARD`
--

CREATE TABLE `REG_CARD` (
  `REGISTRATION_NUMBER` varchar(10) NOT NULL,
  `CARD_NUMBER` bigint(16) NOT NULL
) ENGINE=InnoDB DEFAULT CHARSET=utf8mb4;

--
-- Dumping data for table `REG_CARD`
--

INSERT INTO `REG_CARD` (`REGISTRATION_NUMBER`, `CARD_NUMBER`) VALUES
('19BCE0001', 8732345678987654),
('19BCE0002', 8565674536742446),
('19BCE0003', 9896787876767665),
('19BCE0004', 5445674537565656),
('19BCE0519', 6566767456556234);

-- --------------------------------------------------------

--
-- Table structure for table `R_NAME`
--

CREATE TABLE `R_NAME` (
  `PERSON_REFERRED` varchar(10) DEFAULT NULL,
  `REGISTRATION_NUMBER` varchar(10) NOT NULL
) ENGINE=InnoDB DEFAULT CHARSET=utf8mb4;

--
-- Dumping data for table `R_NAME`
--

INSERT INTO `R_NAME` (`PERSON_REFERRED`, `REGISTRATION_NUMBER`) VALUES
('19BCE0002', '19BCE0001'),
('19BCE0003', '19BCE0001'),
('19BCE0002', '19BCE0004'),
('19BCE0519', '19BCE0004'),
('19BCE0519', '19BCE0003');

-- --------------------------------------------------------

--
-- Table structure for table `R_REF`
--

CREATE TABLE `R_REF` (
  `REGISTRATION_NUMBER` varchar(10) NOT NULL,
  `REFERRALS` int(11) NOT NULL,
  `DISCOUNT` decimal(10,0) NOT NULL
) ENGINE=InnoDB DEFAULT CHARSET=utf8mb4;

--
-- Dumping data for table `R_REF`
--

INSERT INTO `R_REF` (`REGISTRATION_NUMBER`, `REFERRALS`, `DISCOUNT`) VALUES
('19BCE0001', 2, '20'),
('19BCE0002', 0, '0'),
('19BCE0003', 1, '10'),
('19BCE0004', 2, '20'),
('19BCE0519', 0, '0');

-- --------------------------------------------------------

--
-- Table structure for table `SP_DETAILS`
--

CREATE TABLE `SP_DETAILS` (
  `EVENT_ID` varchar(10) DEFAULT NULL,
  `S_CONTACT` bigint(10) NOT NULL,
  `S_NAME` varchar(20) NOT NULL
) ENGINE=InnoDB DEFAULT CHARSET=utf8mb4;

--
-- Dumping data for table `SP_DETAILS`
--

INSERT INTO `SP_DETAILS` (`EVENT_ID`, `S_CONTACT`, `S_NAME`) VALUES
('SG0311408', 894756757, 'ANCHIT CHOPRA'),
('SJ3010510', 985674556, 'UDIT BLOURIA'),
('SJ2110510', 784596132, 'ANIKET'),
('CD1110310', 878978987, 'VIJAY'),
('TT1510201', 90788587, 'MAHESH');

-- --------------------------------------------------------

--
-- Table structure for table `STUDENT`
--

CREATE TABLE `STUDENT` (
  `REGISTRATION_NUMBER` varchar(10) NOT NULL,
  `FIRST_NAME` char(10) NOT NULL,
  `MIDDLE_NAME` char(10) DEFAULT NULL,
  `LAST_NAME` char(10) NOT NULL,
  `MOBILE_NUMBER` bigint(20) NOT NULL,
  `PASSWRD` varchar(20) NOT NULL,
  `EMAIL` varchar(50) NOT NULL
) ENGINE=InnoDB DEFAULT CHARSET=utf8mb4;

--
-- Dumping data for table `STUDENT`
--

INSERT INTO `STUDENT` (`REGISTRATION_NUMBER`, `FIRST_NAME`, `MIDDLE_NAME`, `LAST_NAME`, `MOBILE_NUMBER`, `PASSWRD`, `EMAIL`) VALUES
('19BCE0001', 'AJAY', NULL, 'VATS', 8767889008, 'AJAY0001', 'AJAYVATS@GMAIL.COM'),
('19BCE0002', 'BOB', NULL, 'MISHRA', 9853547568, 'BOBS', 'BOBS925@GMAIL.COM'),
('19BCE0003', 'CARL', 'KRISTIEN', 'JIMMY', 8998988789, 'CARL1234', 'CARLA@REDIFFMAIL.COM'),
('19BCE0004', 'DAVID', NULL, 'BECKHAM', 8989523426, 'DAVID123', 'FOOTBAL@OUTLOOK.COM'),
('19BCE0519', 'ETHAN', 'JACOB', 'MATHEW', 8912343453, 'MISSIONIMPOSSIBL', 'MIFRA@GMAIL.COM');

-- --------------------------------------------------------

--
-- Table structure for table `VENUE`
--

CREATE TABLE `VENUE` (
  `BUILDING` varchar(4) NOT NULL,
  `ROOM_NO` int(11) NOT NULL,
  `NO_OF_EVENTS` int(11) NOT NULL
) ENGINE=InnoDB DEFAULT CHARSET=utf8mb4;

--
-- Dumping data for table `VENUE`
--

INSERT INTO `VENUE` (`BUILDING`, `ROOM_NO`, `NO_OF_EVENTS`) VALUES
('AAA', 123, 0),
('CDMM', 310, 1),
('GDN', 342, 0),
('SJT', 510, 2),
('SNG', 408, 1),
('TT', 201, 1);

--
-- Indexes for dumped tables
--

--
-- Indexes for table `CARD_DETAILS`
--
ALTER TABLE `CARD_DETAILS`
  ADD PRIMARY KEY (`CARD_NUMBER`);

--
-- Indexes for table `CLUB`
--
ALTER TABLE `CLUB`
  ADD PRIMARY KEY (`CLUB_NAME`);

--
-- Indexes for table `EVENT_`
--
ALTER TABLE `EVENT_`
  ADD PRIMARY KEY (`EVENT_ID`),
  ADD KEY `CLUB_NAME` (`CLUB_NAME`);

--
-- Indexes for table `EVENT_DATE`
--
ALTER TABLE `EVENT_DATE`
  ADD PRIMARY KEY (`EVENT_ID`);

--
-- Indexes for table `EVENT_DESC`
--
ALTER TABLE `EVENT_DESC`
  ADD PRIMARY KEY (`EVENT_ID`);

--
-- Indexes for table `EVENT_DURATION`
--
ALTER TABLE `EVENT_DURATION`
  ADD PRIMARY KEY (`EVENT_ID`);

--
-- Indexes for table `EVENT_FEES`
--
ALTER TABLE `EVENT_FEES`
  ADD PRIMARY KEY (`EVENT_ID`);

--
-- Indexes for table `EVENT_SEATS`
--
ALTER TABLE `EVENT_SEATS`
  ADD PRIMARY KEY (`EVENT_ID`);

--
-- Indexes for table `EVENT_START`
--
ALTER TABLE `EVENT_START`
  ADD PRIMARY KEY (`EVENT_ID`);

--
-- Indexes for table `EVENT_VENUE`
--
ALTER TABLE `EVENT_VENUE`
  ADD PRIMARY KEY (`BUILDING`,`ROOM_NO`,`EVENT_ID`),
  ADD UNIQUE KEY `EVENT_ID` (`EVENT_ID`);

--
-- Indexes for table `P_TRANS_ID`
--
ALTER TABLE `P_TRANS_ID`
  ADD PRIMARY KEY (`REGISTRATION_NUMBER`,`EVENT_ID`),
  ADD KEY `EVENT_ID` (`EVENT_ID`);

--
-- Indexes for table `REG_CARD`
--
ALTER TABLE `REG_CARD`
  ADD PRIMARY KEY (`CARD_NUMBER`),
  ADD KEY `REGISTRATION_NUMBER` (`REGISTRATION_NUMBER`);

--
-- Indexes for table `R_NAME`
--
ALTER TABLE `R_NAME`
  ADD KEY `REGISTRATION_NUMBER` (`REGISTRATION_NUMBER`),
  ADD KEY `PERSON_REFERRED` (`PERSON_REFERRED`);

--
-- Indexes for table `R_REF`
--
ALTER TABLE `R_REF`
  ADD PRIMARY KEY (`REGISTRATION_NUMBER`);

--
-- Indexes for table `SP_DETAILS`
--
ALTER TABLE `SP_DETAILS`
  ADD KEY `EVENT_ID` (`EVENT_ID`);

--
-- Indexes for table `STUDENT`
--
ALTER TABLE `STUDENT`
  ADD PRIMARY KEY (`REGISTRATION_NUMBER`);

--
-- Indexes for table `VENUE`
--
ALTER TABLE `VENUE`
  ADD PRIMARY KEY (`BUILDING`,`ROOM_NO`);

--
-- Constraints for dumped tables
--

--
-- Constraints for table `EVENT_`
--
ALTER TABLE `EVENT_`
  ADD CONSTRAINT `EVENT__ibfk_1` FOREIGN KEY (`CLUB_NAME`) REFERENCES `CLUB` (`CLUB_NAME`);

--
-- Constraints for table `EVENT_DATE`
--
ALTER TABLE `EVENT_DATE`
  ADD CONSTRAINT `EVENT_DATE_ibfk_1` FOREIGN KEY (`EVENT_ID`) REFERENCES `EVENT_` (`EVENT_ID`);

--
-- Constraints for table `EVENT_DESC`
--
ALTER TABLE `EVENT_DESC`
  ADD CONSTRAINT `EVENT_DESC_ibfk_1` FOREIGN KEY (`EVENT_ID`) REFERENCES `EVENT_` (`EVENT_ID`);

--
-- Constraints for table `EVENT_DURATION`
--
ALTER TABLE `EVENT_DURATION`
  ADD CONSTRAINT `EVENT_DURATION_ibfk_1` FOREIGN KEY (`EVENT_ID`) REFERENCES `EVENT_` (`EVENT_ID`);

--
-- Constraints for table `EVENT_FEES`
--
ALTER TABLE `EVENT_FEES`
  ADD CONSTRAINT `EVENT_FEES_ibfk_1` FOREIGN KEY (`EVENT_ID`) REFERENCES `EVENT_` (`EVENT_ID`);

--
-- Constraints for table `EVENT_SEATS`
--
ALTER TABLE `EVENT_SEATS`
  ADD CONSTRAINT `EVENT_SEATS_ibfk_1` FOREIGN KEY (`EVENT_ID`) REFERENCES `EVENT_` (`EVENT_ID`);

--
-- Constraints for table `EVENT_START`
--
ALTER TABLE `EVENT_START`
  ADD CONSTRAINT `EVENT_START_ibfk_1` FOREIGN KEY (`EVENT_ID`) REFERENCES `EVENT_` (`EVENT_ID`);

--
-- Constraints for table `EVENT_VENUE`
--
ALTER TABLE `EVENT_VENUE`
  ADD CONSTRAINT `EVENT_VENUE_ibfk_1` FOREIGN KEY (`EVENT_ID`) REFERENCES `EVENT_` (`EVENT_ID`);

--
-- Constraints for table `P_TRANS_ID`
--
ALTER TABLE `P_TRANS_ID`
  ADD CONSTRAINT `P_TRANS_ID_ibfk_1` FOREIGN KEY (`REGISTRATION_NUMBER`) REFERENCES `STUDENT` (`REGISTRATION_NUMBER`),
  ADD CONSTRAINT `P_TRANS_ID_ibfk_2` FOREIGN KEY (`EVENT_ID`) REFERENCES `EVENT_` (`EVENT_ID`);

--
-- Constraints for table `REG_CARD`
--
ALTER TABLE `REG_CARD`
  ADD CONSTRAINT `REG_CARD_ibfk_1` FOREIGN KEY (`REGISTRATION_NUMBER`) REFERENCES `STUDENT` (`REGISTRATION_NUMBER`);

--
-- Constraints for table `R_NAME`
--
ALTER TABLE `R_NAME`
  ADD CONSTRAINT `R_NAME_ibfk_1` FOREIGN KEY (`REGISTRATION_NUMBER`) REFERENCES `STUDENT` (`REGISTRATION_NUMBER`),
  ADD CONSTRAINT `R_NAME_ibfk_2` FOREIGN KEY (`PERSON_REFERRED`) REFERENCES `STUDENT` (`REGISTRATION_NUMBER`);

--
-- Constraints for table `R_REF`
--
ALTER TABLE `R_REF`
  ADD CONSTRAINT `R_REF_ibfk_1` FOREIGN KEY (`REGISTRATION_NUMBER`) REFERENCES `STUDENT` (`REGISTRATION_NUMBER`);

--
-- Constraints for table `SP_DETAILS`
--
ALTER TABLE `SP_DETAILS`
  ADD CONSTRAINT `SP_DETAILS_ibfk_1` FOREIGN KEY (`EVENT_ID`) REFERENCES `EVENT_` (`EVENT_ID`);
COMMIT;

/*!40101 SET CHARACTER_SET_CLIENT=@OLD_CHARACTER_SET_CLIENT */;
/*!40101 SET CHARACTER_SET_RESULTS=@OLD_CHARACTER_SET_RESULTS */;
/*!40101 SET COLLATION_CONNECTION=@OLD_COLLATION_CONNECTION */;
